{"cameraMode":{"drawMode":0,"name":"Shaded","section":"Shading Mode"},"sceneLighting":true,"audioPlay":false,"sceneViewState":{"showFog":true,"showMaterialUpdate":false,"showSkybox":true,"showFlares":true,"showImageEffects":true,"showParticleSystems":true},"in2DMode":false,"pivot":{"x":-0.33792591094970705,"y":1.9076201915740967,"z":-0.6662769317626953},"rotation":{"x":-0.047361019998788837,"y":0.9208325743675232,"z":-0.1183364987373352,"w":-0.36853882670402529},"size":10.0,"orthographic":false}