{"cameraMode":{"drawMode":0,"name":"Shaded","section":"Shading Mode"},"sceneLighting":true,"audioPlay":false,"sceneViewState":{"showFog":true,"showMaterialUpdate":false,"showSkybox":true,"showFlares":true,"showImageEffects":true,"showParticleSystems":true},"in2DMode":false,"pivot":{"x":1495.30908203125,"y":6.861305236816406,"z":-4.121158599853516},"rotation":{"x":0.15374250710010529,"y":-0.19572918117046357,"z":0.031071176752448083,"w":0.9680330157279968},"size":18.050010681152345,"orthographic":true}