{"cameraMode":{"drawMode":0,"name":"Shaded","section":"Shading Mode"},"sceneLighting":true,"audioPlay":false,"sceneViewState":{"showFog":true,"showMaterialUpdate":false,"showSkybox":true,"showFlares":true,"showImageEffects":true,"showParticleSystems":true},"in2DMode":false,"pivot":{"x":202.49163818359376,"y":50.99456787109375,"z":341.474853515625},"rotation":{"x":0.1151689663529396,"y":-0.7381920218467712,"z":0.13044098019599915,"w":0.651762068271637},"size":4.9073615074157719,"orthographic":true}