{"cameraMode":{"drawMode":0,"name":"Shaded","section":"Shading Mode"},"sceneLighting":false,"audioPlay":false,"sceneViewState":{"showFog":true,"showMaterialUpdate":false,"showSkybox":true,"showFlares":true,"showImageEffects":true,"showParticleSystems":true},"in2DMode":false,"pivot":{"x":60.957603454589847,"y":49.30406188964844,"z":56.06380844116211},"rotation":{"x":-0.11103690415620804,"y":0.8883756399154663,"z":-0.2968568801879883,"w":-0.3322102427482605},"size":40.650291442871097,"orthographic":false}