{"cameraMode":{"drawMode":0,"name":"Shaded","section":"Shading Mode"},"sceneLighting":true,"audioPlay":false,"sceneViewState":{"showFog":true,"showMaterialUpdate":false,"showSkybox":true,"showFlares":true,"showImageEffects":true,"showParticleSystems":true},"in2DMode":false,"pivot":{"x":184.07289123535157,"y":2.6337661743164064,"z":129.95053100585938},"rotation":{"x":-0.23998750746250153,"y":-0.4715600907802582,"z":0.13508732616901399,"w":-0.8377301096916199},"size":126.7537841796875,"orthographic":false}