{"cameraMode":{"drawMode":0,"name":"Shaded","section":"Shading Mode"},"sceneLighting":false,"audioPlay":false,"sceneViewState":{"showFog":true,"showMaterialUpdate":false,"showSkybox":true,"showFlares":true,"showImageEffects":true,"showParticleSystems":true},"in2DMode":false,"pivot":{"x":298.3309326171875,"y":15.179438591003418,"z":1.0747877359390259},"rotation":{"x":-0.017417483031749727,"y":0.5583164691925049,"z":0.011729462072253228,"w":0.8293682932853699},"size":3.7770230770111086,"orthographic":false}