{"cameraMode":{"drawMode":0,"name":"Shaded","section":"Shading Mode"},"sceneLighting":false,"audioPlay":false,"sceneViewState":{"showFog":true,"showMaterialUpdate":false,"showSkybox":true,"showFlares":true,"showImageEffects":true,"showParticleSystems":true},"in2DMode":false,"pivot":{"x":67.84077453613281,"y":49.7498893737793,"z":100.5693359375},"rotation":{"x":-0.08390036225318909,"y":-0.00685638515278697,"z":0.0005710564437322319,"w":-0.9964616894721985},"size":16.03013801574707,"orthographic":false}