{"cameraMode":{"drawMode":0,"name":"Shaded","section":"Shading Mode"},"sceneLighting":false,"audioPlay":false,"sceneViewState":{"showFog":true,"showMaterialUpdate":false,"showSkybox":true,"showFlares":true,"showImageEffects":true,"showParticleSystems":true},"in2DMode":false,"pivot":{"x":81.21088409423828,"y":48.87989807128906,"z":98.80985260009766},"rotation":{"x":-0.07204993814229965,"y":0.27408891916275027,"z":-0.020580299198627473,"w":-0.9587985277175903},"size":31.769887924194337,"orthographic":false}