{"cameraMode":{"drawMode":0,"name":"Shaded","section":"Shading Mode"},"sceneLighting":false,"audioPlay":false,"sceneViewState":{"showFog":true,"showMaterialUpdate":false,"showSkybox":true,"showFlares":true,"showImageEffects":true,"showParticleSystems":true},"in2DMode":false,"pivot":{"x":212.4442138671875,"y":94.70416259765625,"z":93.75450134277344},"rotation":{"x":-0.47259730100631716,"y":0.4218994677066803,"z":-0.27580970525741579,"w":-0.7229111194610596},"size":43.83922576904297,"orthographic":false}