{"cameraMode":{"drawMode":0,"name":"Shaded","section":"Shading Mode"},"sceneLighting":false,"audioPlay":false,"sceneViewState":{"showFog":true,"showMaterialUpdate":false,"showSkybox":true,"showFlares":true,"showImageEffects":true,"showParticleSystems":true},"in2DMode":false,"pivot":{"x":8.595775604248047,"y":-0.53670734167099,"z":-7.79994535446167},"rotation":{"x":-0.04400269687175751,"y":0.930594801902771,"z":-0.11929886043071747,"w":-0.3432695269584656},"size":9.55349063873291,"orthographic":false}