{"cameraMode":{"drawMode":0,"name":"Shaded","section":"Shading Mode"},"sceneLighting":false,"audioPlay":false,"sceneViewState":{"showFog":true,"showMaterialUpdate":false,"showSkybox":true,"showFlares":true,"showImageEffects":true,"showParticleSystems":true},"in2DMode":false,"pivot":{"x":0.8889005184173584,"y":0.9419021606445313,"z":-0.40678879618644717},"rotation":{"x":-0.11625117808580399,"y":0.7063608765602112,"z":-0.11936061829328537,"w":-0.6879620552062988},"size":6.755690574645996,"orthographic":false}