{"cameraMode":{"drawMode":0,"name":"Shaded","section":"Shading Mode"},"sceneLighting":false,"audioPlay":false,"sceneViewState":{"showFog":true,"showMaterialUpdate":false,"showSkybox":true,"showFlares":true,"showImageEffects":true,"showParticleSystems":true},"in2DMode":false,"pivot":{"x":98.88725280761719,"y":5.8758087158203129,"z":213.67967224121095},"rotation":{"x":0.25733762979507449,"y":-0.03043323941528797,"z":0.008108444511890412,"w":0.9658089280128479},"size":320.16455078125,"orthographic":false}