{"cameraMode":{"drawMode":0,"name":"Shaded","section":"Shading Mode"},"sceneLighting":false,"audioPlay":false,"sceneViewState":{"showFog":true,"showMaterialUpdate":false,"showSkybox":true,"showFlares":true,"showImageEffects":true,"showParticleSystems":true},"in2DMode":false,"pivot":{"x":121.36300659179688,"y":53.38565444946289,"z":91.07339477539063},"rotation":{"x":0.17534060776233674,"y":0.08994480222463608,"z":-0.01608859747648239,"w":0.9802585244178772},"size":93.31668853759766,"orthographic":false}