{"cameraMode":{"drawMode":0,"name":"Shaded","section":"Shading Mode"},"sceneLighting":false,"audioPlay":false,"sceneViewState":{"showFog":true,"showMaterialUpdate":false,"showSkybox":true,"showFlares":true,"showImageEffects":true,"showParticleSystems":true},"in2DMode":false,"pivot":{"x":-124.17933654785156,"y":-115.55786895751953,"z":-449.7102966308594},"rotation":{"x":0.197026327252388,"y":-0.5011094808578491,"z":0.11832896620035172,"w":0.8343241214752197},"size":350.1965026855469,"orthographic":false}