{"cameraMode":{"drawMode":0,"name":"Shaded","section":"Shading Mode"},"sceneLighting":false,"audioPlay":false,"sceneViewState":{"showFog":true,"showMaterialUpdate":false,"showSkybox":true,"showFlares":true,"showImageEffects":true,"showParticleSystems":true},"in2DMode":false,"pivot":{"x":463.26483154296877,"y":364.1953430175781,"z":-68.123046875},"rotation":{"x":0.02220357023179531,"y":0.16125179827213288,"z":-0.003628727048635483,"w":0.9866575002670288},"size":617.0846557617188,"orthographic":false}