{"cameraMode":{"drawMode":0,"name":"Shaded","section":"Shading Mode"},"sceneLighting":true,"audioPlay":false,"sceneViewState":{"showFog":true,"showMaterialUpdate":true,"showSkybox":true,"showFlares":true,"showImageEffects":true,"showParticleSystems":true},"in2DMode":false,"pivot":{"x":166.57948303222657,"y":52.239967346191409,"z":243.8341522216797},"rotation":{"x":0.12500862777233125,"y":0.5237107872962952,"z":-0.07802582532167435,"w":0.8390541672706604},"size":22.0,"orthographic":false}