{"cameraMode":{"drawMode":0,"name":"Shaded","section":"Shading Mode"},"sceneLighting":true,"audioPlay":false,"sceneViewState":{"showFog":true,"showMaterialUpdate":true,"showSkybox":true,"showFlares":true,"showImageEffects":true,"showParticleSystems":true},"in2DMode":false,"pivot":{"x":27.950502395629884,"y":111.82258605957031,"z":140.4109344482422},"rotation":{"x":0.05559803545475006,"y":0.9239095449447632,"z":-0.3487112820148468,"w":0.14731064438819886},"size":20.39033317565918,"orthographic":false}