{"cameraMode":{"drawMode":0,"name":"Shaded","section":"Shading Mode"},"sceneLighting":false,"audioPlay":false,"sceneViewState":{"showFog":true,"showMaterialUpdate":false,"showSkybox":true,"showFlares":true,"showImageEffects":true,"showParticleSystems":true},"in2DMode":false,"pivot":{"x":0.0337299108505249,"y":2.0011987686157228,"z":0.15455973148345948},"rotation":{"x":0.11677081137895584,"y":0.3439496159553528,"z":-0.04315311089158058,"w":0.9306992292404175},"size":7.507110118865967,"orthographic":false}