{"cameraMode":{"drawMode":0,"name":"Shaded","section":"Shading Mode"},"sceneLighting":true,"audioPlay":false,"sceneViewState":{"showFog":true,"showMaterialUpdate":false,"showSkybox":true,"showFlares":true,"showImageEffects":true,"showParticleSystems":true},"in2DMode":false,"pivot":{"x":80.85799407958985,"y":56.01998519897461,"z":727.1433715820313},"rotation":{"x":-0.3706999719142914,"y":0.6270029544830322,"z":-0.44942060112953188,"w":-0.5171749591827393},"size":13.225272178649903,"orthographic":false}