{"cameraMode":{"drawMode":0,"name":"Shaded","section":"Shading Mode"},"sceneLighting":true,"audioPlay":false,"sceneViewState":{"showFog":true,"showMaterialUpdate":true,"showSkybox":true,"showFlares":true,"showImageEffects":true,"showParticleSystems":true},"in2DMode":false,"pivot":{"x":156.36122131347657,"y":53.42597961425781,"z":239.52000427246095},"rotation":{"x":0.27106672525405886,"y":0.20870819687843324,"z":-0.06033056601881981,"w":0.9377228021621704},"size":5.842953205108643,"orthographic":true}