{"cameraMode":{"drawMode":0,"name":"Shaded","section":"Shading Mode"},"sceneLighting":true,"audioPlay":false,"sceneViewState":{"showFog":true,"showMaterialUpdate":true,"showSkybox":true,"showFlares":true,"showImageEffects":true,"showParticleSystems":true},"in2DMode":false,"pivot":{"x":148.18905639648438,"y":46.75857925415039,"z":260.4054870605469},"rotation":{"x":0.1452861726284027,"y":-0.16538389027118684,"z":0.024640657007694246,"w":0.9751579165458679},"size":25.105653762817384,"orthographic":false}