{"cameraMode":{"drawMode":0,"name":"Shaded","section":"Shading Mode"},"sceneLighting":true,"audioPlay":false,"sceneViewState":{"showFog":true,"showMaterialUpdate":true,"showSkybox":true,"showFlares":true,"showImageEffects":true,"showParticleSystems":true},"in2DMode":false,"pivot":{"x":177.92294311523438,"y":48.409706115722659,"z":146.0835723876953},"rotation":{"x":0.06707440316677094,"y":0.49630606174468996,"z":-0.038499049842357638,"w":0.8646959662437439},"size":130.59085083007813,"orthographic":false}