{"cameraMode":{"drawMode":0,"name":"Shaded","section":"Shading Mode"},"sceneLighting":false,"audioPlay":false,"sceneViewState":{"showFog":true,"showMaterialUpdate":true,"showSkybox":true,"showFlares":true,"showImageEffects":true,"showParticleSystems":true},"in2DMode":false,"pivot":{"x":-10.313985824584961,"y":-1.3666183948516846,"z":13.886747360229493},"rotation":{"x":-0.14435678720474244,"y":0.5954667925834656,"z":-0.10983293503522873,"w":-0.7826347947120667},"size":31.063180923461915,"orthographic":false}